{
    "keep": {
        "days": false,
        "amount": 30
    },
    "auditLog": "logs/error/.5f1151ced196762ae8720e2c85f1519895bd259e-audit.json",
    "files": [
        {
            "date": 1674111285511,
            "name": "logs/error/2023-01-19.error.log",
            "hash": "6c3702a8262b8645d9adf2c46016f6138d2dbbef6f377749189924fa9d49abcb"
        },
        {
            "date": 1674143960987,
            "name": "logs/error/2023-01-20.error.log",
            "hash": "6243c5d5df79608ed07e9a8abac5a5e5478c53720eab2bc78fa36e0e58175afc"
        },
        {
            "date": 1674621090782,
            "name": "logs/error/2023-01-25.error.log",
            "hash": "771bab2b8fabe4e6b3c73e8037bfcac0d6c0d879146368888cd4a87b0f543e90"
        },
        {
            "date": 1676888913221,
            "name": "logs\\error\\2023-02-20.error.log",
            "hash": "0fa825495edd59dff42856c6fba4f528697abbb52474c660ba47fbb484d8ae7e"
        },
        {
            "date": 1676981366054,
            "name": "logs\\error\\2023-02-21.error.log",
            "hash": "224cdc628654d102de3b6eb5a32c91fbb80698bbcae30014c189ff23d67a68eb"
        }
    ],
    "hashType": "sha256"
}